id_flight,message
MBib4354665090,Dscjabvpxds axgrn yfqce vyat univjgi
SHym6572300931,Bueqgqhqeri ssbar edvkl ixor qhfntds
XRiv7738125438,Ohjmbpmqboo gagdo eokny dxtn qbfukzv
CCaz6187428620,Rlnvrnbtbtk lyenb hupma nyih cfrfacy
NWaz7520720042,Seqoznflpuz izjsh qxlmx kmgw xjjooqf
QVyk8617961273,Nklcxyowqwq yvvrd qxkwr sxnd aeuirqc
RMur6378910955,Yoqzjmmjofp cstrc yhaaz avug eobivre
VQvj4222723273,Spzisggjzuw uqkfl vtmkc qwgy nseknzq
VCeq6533730544,Rxjljnbiaou kskwu lzsdd jtqw pmgphqa
GIxb3863024125,Nmfkfzpuucy jtzap nyyby ledc lgmlovs
GAru5535665539,Hjpbrltyltv lqiab rgtrr nkrx ceqxuxh
NAus8531696065,Qvtzxeisqtm qljgq glufv huxd jcbvinc
SDwh7152938454,Vfmcukjwxzg zcxzz lsdjo kxbr biplwsg
HAxd9876457723,Pcsqrxspjhm rnfny xbdon kbvl cfezfyg
NReb1573377600,Uhmbiulpsjr lywdv abkdh yggf fygmapj
IJrr3885975627,Beofynkcubl vpqqp fjljp ipwp mnpestx
YKkb3882761238,Oegvcbfdirz tktst kthql dzgq idyvhon
XChz5395711618,Ckwsygvavxb ryuqb uqduq wnhz yvgqclj
PLno2263975063,Wciwiksvaxx ohfjw ebdov kywg tegxsqh
FCid2398927590,Nryhptmqfxd zpphf ymczf itze vnvolsb
QOvl0196613523,Uoqqgulogia oehjn yyzfc mijj desncqs
AZcz8466785125,Pupqossktjw uqjkq fzwrz ckal aaailbr
QSpd3471194079,Zgmwctxtckn aqaaq cwwyk sfxc zrnqzwo
VGgi4540433828,Etdojblmvwu zqbty brplc znpv bdsxouf
PPog8248324516,Uhxuijonouo uavvl inpxw ibhc hrmzqgw
TZrw0941702308,Wrlzjagokto unwrs epfar oudv lsxaayp
WMib4886165479,Rblgwlbxtfg bahwf rjyrc wzfh dzdfvju
ZUue0989138910,Dvfgqlmxrqp gqmmd pyspy rpya fgoltxw
LNaf7296802310,Jxltlwxtfpk fffaz bsrru fnlg kvytxrr
UKpz2255708438,Xxjpaatchhu zwzmg dissa vtud dzegqxn
LJyw3821323753,Njppzumjqhs qcvcg hukdh ywfg xaymsfa
GEqk2396566726,Rjknkfszfhg rkpnv jqert rvex gtjrtqv
QJwd0075006555,Tppqsnvtpyf ipfka wahob zwfz jsncrgc
IDdp9600100425,Zhakikcjocl piann jofmr ieno oxqpuji
TRyf1098786739,Fogwzoupqmp sysli gbxpm argu qbqazda
PSat2396728698,Mngplqauamb rexpc isqln vcab owmpfht
AVpu3304645532,Nylobwzybbt twona ubpvs hxae gxvunst
HJvq5138871911,Aakgmjqwsdx ubiec ubxkv hvqs dgovpin
ZAek3687456230,Yhyyvaoecrl dzcwt vpqqs fnyp xzbjvak
CYtt7294586193,Ukgkdholipz hdspx snlcr tqnq slwrbzs
FCvv6342847908,Enykdvmsglb iyrcm hhbdu rgau kzkfwpx
ELxo5929650890,Exwtckxzuub lmhqc jsmjv xpju bivftkm
NVrs0129034732,Qqjwnouimps luwbu dtjec ssnm bvwqakw
KOie9510658044,Vopupexcdph symqe kcttv xeif fdmciob
BKnt4533152852,Oavfdygyhvo bfhxe msexs mlsh vbajwbf
AOua5266780240,Zqzobwnhqgv iooat kisod tvqe pkhiugx
ITmm7030720609,Jzjmzakjtit orwmu uekwq zrrk nixkrvb
OAdt4633594452,Flljcmyjxgd zmlvq mtvvs pguz ddydovz
GCeu7570758211,Ghzhzmilsps qwmuh nbhzi skta wrbnlqo
JCon4533917662,Hjwbgfqcedx yneqc yrkye kzvb xclddkj
MDzd4278331968,Skjboitxwli dmtwk krabi rdis wxxnubv
AXod4737613000,Jckievayjdf dvitz pjmjh lujx tvcjbcp
JAxq5794562711,Nvbfziqijql fveqh xevqy kycb rvdifvp
OLlm6757436452,Yuuwsjusivx cbafp azpin nswp mctyybm
EBnk7252348324,Osaxoxbcgxy lrxig tqzfm hpli cjxsxvt
VEsf9917871786,Luneqfizkxc qdhhd qkddl xgvl mtrdbzw
NIsa4310819097,Oasaejimqhd bnhkx jipjd jzyh gkirowh
BYxf7650599110,Bajetdigaoj psnaa plpnw cqgi mjqokwd
HHqr5628067530,Ekwlgbrsecv flrwq mtoys gugb lznuccb
ZKgf6486874317,Lvplvfxuucn zuzql xsnuy gtem qzhfyat
MIxx8121741760,Iwtnthawrvb zzmvg stvqi trgj erdglvr
WFij7997371539,Hjbcidifuko vdlcc imnzc obgf bxoreym
PRlf7835342944,Rtyxtheklas idkip vafvy kqdu iyvxqwd
ESpf2909726877,Tubcptufnzb qzvjm cukwu llih bcjesmy
DIsn4198428241,Xqrbdcruely anprc rhupm tvvw kinmfdl
CKwr0407798874,Fhnybesffpt uuryp pgwfc yuwo zkmttak
QYcm7459112510,Vwylgwfkzba ywtqb erdqd tmiq hrajkdw
NMaa4578595194,Thnhdzpepmz zfddt kkzum qbcv emgfuek
IUcn3838434759,Ogvnkowxaxc fjvgl cnhat vyik tqxpqmm
IZol6007767661,Czaulqgnjff wnxgd lctwj aien vxharqj
UPjl1122843796,Qfcmcbqzkgf wqgoh hdznn pufr rcfmzqd
POyz3640004520,Jjsnxaevehm afqjb lqhzx ovvn wdzotta
ZAyj3170213270,Iztctfvviof iltfj kzzkp gyrz xaikhby
HEub1309620460,Zfbyvpmgxub cjtsv ieozl kthz lzhlgui
FJeb6115362204,Gcxtpopsecq hlkzm cgvaj nqrb suynhsc
TOxc1286886809,Wicocpyjzpm ajdfb xkvfm qhll dhgbldj
VAur4027201508,Teobpcyiiuf zqxkc dzfof desm cvmdryi
AKjq9448295305,Utmjejexima fmbok ousmm dqii sqmxsok
EAyp2702319273,Gjdrplnclki hxcfp mdhqq mdsw yopcvok
WWnl9522822118,Gvbjltkejxs kmhos eskxw omec qcenxef
QUsh7585141648,Fxzaihfysbf cmbic iubjz qypf pwxncil
OAih5082154027,Jcxouzvyaib wcpaj lqhhk vsqm catliqn
IYyx5644552809,Hzyicftlnse fifat dnqiq rocw kxzeihv
TRwr4698324595,Jpmpjaqbzxj hitol mkqoz lzov krfpjts
JBtq3415688059,Dqvaawxshrl dtcgi fbzfk kmxo caopqte
QMgb7895300719,Qrtquvlrcee okihv lnihk jgys gyyxbbj
TThl5560672716,Yzewvsokult xgvhr nulzo ubtw ksjziao
NAcs4876904715,Ygaetgqiqki przqs qubfh nlqp xaskweh
KKva0176444952,Ltujziaxomz fnamu wcjah rutd gwzrelv
BEum0126573298,Xrrybckxtpc qrbua skrav suew kksqnji
HOlx0408742410,Jvojpjltbaz kshon kguag rrun ncwbkmi
UUcq0756174670,Ttzaurvckfb yjowu sslrr jvvo flwmvha
YHcu7424478478,Maweoqkbxjp thuvw clfev bimc ivhrqye
CDct6506623996,Igyiaafqhth fbamv nqtzc egyn cefqkmv
XOyl4343780532,Ozxhsrjapcb eyfbb obwrb qcmf kqiensb
OYrw7111481140,Sajsfgkerix lppiz nphgp aegf dexdzgm
VYly5511397079,Nplvzeuptbf jrjed kmbvj enge kppotja
BQwt8546198870,Eyftkckagbt okyxl oisio idrq tckcuvw
QIgl8760497647,Pdbprkmvygj htjxx toteq texd ddjrwci
OVgf7359019817,Nwqppejfxwy rtmzz mbwhz ldqb rvbeqdr
CBuo0188756130,Dgoellkpqjq allde vziul kdhf sdspcth
NDkn3482797645,Cihowplerdr fbukm zcmvc bysc batepey
ENey7184900091,Fokqczmrbil btnml lnljc zaye hzidqyg
VVql2809817359,Cegiykxuydq ievgb wjqpd gldl nrzvecc
PCnd2993103927,Zoihfktnnto homxx gkmrv akrk jfrkmdk
EBed3662331062,Mjcvkzgbpnk htxog azlpe mbty sngtewu
BVtk3384089872,Xafosoqqxzw egpff dsmos wpkd gncruau
TMot6694485200,Urovtknktjd mthac xzcim btcy wccyaqr
PGgf4634582275,Mdswzrxnxrx igtkl lsdxr uzvu ljgugel
YXoo9224993282,Ooawfmhviua asjaa bdpbl ulxb xokrqjx
NFos7483389371,Vckgacqkcxw zxcdd hfkwg zrvv zihhnoz
TYzc0720400994,Enmvwtlvxtx hnlme ibiyc pnho qgbapeh
XIli9629969336,Qfmprjxsrag rjadw eucrh mwip wtjddmi
PCgc3375420018,Cnxdazuwblp xrpys vqpgh wygq rbvnciy
VOne5912994983,Jubnfgitxno lhxnq rvqsk otem iguvavl
TYxz1054757988,Bcygktxrepc quoyx abunw fosu youvijx
UHhq8231797243,Adceiwnbxzb ycmdd tnvum xuvq apdbzfw
OJln3158843724,Fenkizdurdn xxhbu joqfd nose bkbsndq
AOnl4078160718,Uemcotkhegz vfprn fexwf pxlq genqzei
QZom4812882376,Wjyyflbanjx hoajg pogbq vvwi ddvuntb
UGbu1289215831,Pnxnkphhkri yzsht dogsw xpcx xwvgces
IQjf7584429495,Gkrbghdnwew fdbaf hwqbj mewn dgzbamt
ERpc0364695298,Iltjtxaynyr vvetd yeyjw yykk vdzomvt
ZRnv9835858685,Lxqhalszjjd khnpj pfcsn fddq uuwvddi
OBju6262130417,Ealdtrevzem sctkp irgko svfo niezspg
AXeg1144829066,Bklxkrlovek kktxr pkvcg hjtf cdxjyia
MEyp1086865472,Kvappiwtnrr dahdr fwxdi uxkp hnpgdnz
EHah7348867122,Cglyzyrtzgz kpelg rwcpj auay ymithwv
LQbp1227658623,Ihvkqoxqxjr egife iiumi bllm nufzflj
PWix0169611268,Uihvkhyguaa yrmfn ydbfr gpxx rmryonr
HRes0671733634,Etcoaylqden cvsok kmime niaa cvduyuu
LRbx3307519167,Migjguaizum xacso jzvqy rrso pfwulim
YPgu6578130426,Seuimlrblnw bryip nlytv ablp eamuzzc
GVty8949719880,Gzemafsmypj dszih gjmxb agwi aitumuu
FFot5598645028,Ftzxpyyeegi ynqle hmryv xhbk vxxvwtd
NQyv5468480026,Evgikforsig widqs lmeet fhnd ngxgvsx
JJas5140717453,Kzzuhjysbpu setbg rqkvh jgjz vpfezvx
VGot7228437162,Ekhybhkmnww lnwzx hkawk bkcs dkakhya
YPkc9587343614,Qzpudkmtnpd ncykr okjbj letk ermirwb
ENai5022202176,Yavyfjuouhk weria evzxq tbaf tvvbdoq
ZPtf0267692679,Zqmlxzqjbkp vrmck epmns rtpu qajofne
DYls0280635331,Wxzsniexlor ywntr rnplx drpj qwvsary
PEvk5879983357,Jiqenqkjfoo uvnkw xcvin rmwc qkaodnx
AZtc6074854796,Evavvfztqls xykga njcjt wpzp gngxtlh
SOos8990831745,Unobmyjhwsi hamzh njqdo grva sxhdwcp
ODih3542159523,Qviwvchyewo qplop ecmdf gwky uosbvxe
PAnv6435329643,Yzevuicacdl octad niukl imkt jthrqgh
DOnv2617942961,Ijsvcmrqccm mgffr jssnr kzsy coyxpmj
XKqe7916652291,Gmjeexklsvy znaaw cpthc ccpy glcgnmg
ZYbv3617805535,Rmxsduucvrz tzxrq cppee lbzr tclgoup
PWlv8547500407,Figlxnjcded epcio mwewm exro abbiren
HXhv7522242563,Noejffnzdxq kfevk wdewl zkfk hoagoov
HSfw5707900903,Cqddwfpsrln jdmpw rdwrp hqoc qmcpkli
SQel7815932880,Kjocigjwlay ichgj bdijo krkt iuolkal
RYlr1328117503,Eiauiehjnkz lnsmz abmnj ncoy erevzuw
GKul5329246919,Nuxsvotpnjy lxnqf rjqbq thku bomeuti
UCzv7682768399,Lcugwflvgsc prbwd jcgks mydj vrlwwwj
XDtd4600899909,Bfcfvlttsnr jhqsb onjoc bbgp waivrud
BKtc6660933874,Jaazqoiicpd voyxi tptbz eeiu yspabso
BAbp8500875718,Qrmgaeomgnw kdaln ryvcv ihki nncjmgh
VPzv1653331021,Cuylolubudp virck lauuq zbac enwetnk
WCob8880218390,Dokzcgogyzl yoxsh dzzox jeqf kkupqmg
ECpy1503488625,Qbvvpmuyukx ztugj jawnc aasf kskkqec
WEdp4567389400,Bhodflqsvax estuh wfsme fcvc ymsvvwm
LCht8244255345,Orkhlndsnux meroe vgoej wcpz dyafyho
ITwq9371527375,Zivwdekiqrt oagdc mafbd dpiv knsjnxe
MQpl6089555342,Dedpqdigohw ectvg cesqp mclv ubjikdp
EHau3715907501,Nnalwtdnnqi khpqf pcior reky iozocnb
TVzt6916712650,Iftsxhqvngi gwrrj zzbes gwdk woabqft
ATzf0474012574,Tbrojerxghs rozzj hrqyg dzye jmizluu
EJio5153118706,Xjlamqtcavl moeks fzlyp dwwo llecnaj
RQba3233114943,Wfxxxwoxrta drmqk cfejr kuiy swrtkja
SWhd0531524481,Wdblnqjdmpq vwwjb fltnm jdjs fgnjdig
RQsv8253936144,Woigtlvouwz prnhk ggwcw ncaq quklgat
XNyi9629610091,Orolpfqpstp osmkt pswqi kcvh dxvjpja
LUln2877639828,Uzyibrpfsvp gppgu egzfa tlrv rppohfg
UOib9158822028,Xrzvliijkoo brhnk gsofd plne wizaucp
SJac9224395230,Vimeqsytreb vqgvx rptiu eoeu izvlhpk
RNvn7749573313,Xlzaqrbuzmf shipz ymprp teca mafxrgu
ZFnc5355200914,Keqwwxksxyh odbsu fvllw omyh tplxeze
TKxx2078115412,Ejrwixduyev nhgqs didxl wmrd gidbkuk
WTvl3661154845,Acfmvwpyiol qsfvl htsfs wroz msnpnvj
OTeb0520962099,Ihdpwyuvezk raqbh uouwd epwy ibdnurs
CXul7791814574,Jcsklwpbcsp gvlqv rdjlo lkeg mcjrqlp
HCxd7384543553,Lsvrqkflpyw sphjx ohhkz frir fbphyke
BGdd6155886967,Ryrmmrlvdpk rplru yndbo spmn hxvrepm
LAcm5499750082,Hvjokalksra aogho dokwy selc xxbxakw
WZus1027823538,Wqusxqtqpph cofjx vxekx gfih fymanad
UOoa2838612854,Zvuflfkwxgm nreph oxoho dupc cerlbfy
DHqj2693238040,Nlzdqpnyers fxhzv yyzxx qkxl oihatwi
NXmq9686386575,Yuipzbyiija fawmm xgmpt gpep krvsztq
DUfs0876019191,Gvyzyiqyank iavtg yssuc ufnw dyrquqh
BSec5617639146,Ieusngelzev pwtzc geuek nsvx wikcrob
LVas4052631140,Fpocjayjmkt iszdc tmpxb jxrz mwwlvlr
YDxb8030680974,Ueubghezoic dmvif ipyul pjte rifitre
FNgo6707797355,Xlplgpbyynu bzvic dhiyl ihbj qefjcwj
NWqr9783608077,Yculkavpdcd pzrjz jqdzs jvch hnhkgyt
XJfa2205453987,Xuyytcxugio pcyvx lldtb lqsh zbrrttk
FWqg5942804330,Khbegrtfftg mwylh rxbnd cvhd freqndo
TPjw7517096473,Pwjaqhxxyki nuafk aevhj igxx jmdknpz
QRcf0221845918,Kihweqvshzb kveit dnsuw asxk ukaducq
RAmw3225470085,Bdgkmyvjpdj zjnjz dmjzl goki wgpnjey
WEzy3568494428,Nfgnzrnupjc rvpja rhmcs fqnc jbgyhvf
KZep0337573719,Snmdezhpfxp oqvft owijt jzge olpdtps
RKha5566578924,Nlzwkdgnoli htyit oeikm swah frwmoey
VGwr6249343125,Ivicscqfsxz pbcfi gaumk tjbd xacfrrb
CFax2513217061,Gnegmdnicxz cauzr nkovu wixc mdjeutj
FKqs2864492377,Mofsgnwthrm mwmqb yprxu nzrs jkdgxsx
WFvc8507822914,Plvvroioywv ufiuy cynoa enhk ysomzvw
YVey7037871093,Rzjtmaaienq alxfh wusmu dleo idbijlm
GChx9046647496,Vsfjdymzrws vhauo okylr viek rhglgxf
YNex8162137379,Gvwgnjnkmnl fqmxq synlm ptpq dlhwaax
ULlc9131737065,Dflchrxyaer cpeap cgmhx txtq oymcuop
HUdn7702964945,Zpapjfhoakv rmhho gcqia sqhi ujbwzru
FAwh4788482635,Cgwhbeeyvly ooekr uhnch qwbt cxstymx
SPyb7213265810,Vzupzllxdoi ckoom rtoto jzqb mnayijz
ZCgt4735745256,Ralouwwotjj ghopb evpke dbiz vvfwrcu
LNpb4541026555,Jdkujljzynv dbcan qmxoi cbgg nseufin
EGhi1741721973,Kysidmtgsih clqxu osllk hcjv vtvmqzv
MAkj1644874966,Nqrsylpqizs hvjdu telso hkms wjpgsvb
EUkj8363733430,Uzfrzhyjglo wihcs otefb gifv fwgeruf
GCto8756998144,Whbdcsotkre xkijk dikon snyo dykllvc
HGik9646585501,Iptvncvbwyj hklow kdzxl gjjg jxppczz
ERih6343706563,Gngwwqansre beaay yyxlz junn jhtqlas
HBxz3491176876,Fdveejvepar qipti gnllw vhiq urwyrgi
JLdt2249808518,Eaplfiziaxd jabmx dcscz qgpa yixztsc
ZYql6539610493,Ruunpebjvuc nrfsi mguaz onpp uggbaav
GKze5535516305,Pzdfcjeadzz mahrp jzwpy sgbt uavpwas
KGzp8480028814,Vphxulakpvj uxmtp vevzb vtrn fcpntsi
SXej0728037341,Kksouegkain kykrk mtpik njdx jluqoeo
HTsy8688574786,Ikpfwgciayj sjxiw wvczn xllw wcppxml
MUzv7982233654,Ashvfnrzfhu yxdwr mmvhj zuck mwzdxxm
COsj8598959221,Uqthsbzfpvq zhxmn pfbah vkiw vzscctl
HKsi1227978360,Qofwpvqsjuo ckrff gpbqt atdt hcxdehu
YBiy9548886699,Riqvjkaqtrw ajivh aisdp nvzy vgnebzi
TRql9569436057,Ihdtgebvmyg zvroa vdbsy zyeu yxlmqcs
XCif5563383736,Nilfijgntxp otgxm fivbd tudw oigljgz
PYkw7289040456,Rheekbgivmy owkog zvbbp hnfd hwryvke
UXqz9295787221,Zaztglnfqis drzsc dcyqn ltfd mudeyvb
CMkv4453190539,Amopmeinavb hncxj qtldh rimr verfuih
MTjf4788559517,Ronqvkmujbc khsjq adzhn jbbn rgwerlb
YSge3979170387,Enjzhwlirtl ucdsm zwcwl erpq mbddztn
SLjg0747978777,Ekzxswqiwwd qfdjj dulfi jtme ffywjna
OJoq7925663855,Btmhvqidcao nybhg bjzwk ccwb rzhcxtv
GTih7438983340,Rrbkfwyfcgn buxta bbwhg ooct ceidbdl
BNhy9265911208,Wntwybepcri wdkzw pyyah esjh liwoleo
KBkt1387441127,Lalmdqbyjuy rlgfs avdmh nczv vobshpl
WBcp4663003440,Kgnqmelhsbg lzsty omito ybcn qjpbjpk
EXzk0322559628,Uawfmvdcmwz vpzbz uziii abps igiximv
NKra9976165371,Nkitbcmaczz wdjlw qgjyp dvwn fawtwsz
BWcv6557181856,Xcmodzlmmcv owjac tlzmj uevw sxbvkky
JOfu0485019723,Acdjojlfeie tsekw myhkt llcp jhkcppw
GAqn7347861013,Whupmdsmxqq mxpci jmdnj hilp jlsdibp
SXmx6896545635,Spwepmorlta mmpcm khaff dwgv ndzqbep
YAls8363583405,Wcbrhlvfajk sxaih mtfvb mkgg ioowwaz
KVcj4023432237,Ayqlkzxvkql oxjqi eevss uaqu zijuirr
TAdf0866263813,Loxqkbzzono ypbbv wcbgm ppvb mbyejrl
KFhc6412071316,Fstfxmwnhar msfhv qaebm qrvw bgrfobd
YKqr6837896886,Nfoqdwyxlfr stjkg nkcku xcuq rnsyxne
TZeo6625787237,Cblratunvkx xwwpn falvs jwti woksajs
LMdd3809760067,Xadnganqczo msinj iqiaz ninq zjjwfrt
SDkd6267692102,Qgyigriozdx dvizd tsyht rsqb rbexvrv
TEpw8375149175,Xpkuhdobuuo gfchy qfnjj bujb fxsqcfx
QZpd3104351792,Bwnrwhgeloh kqaiu wshdu inve mhhywiu
COzw2642198454,Xwqokzjtukc kifpy llkmn znor bxqbavo
TQkd1735828619,Iggggnrzcet bacyo lgorz wcbf kforndw
CSev3053439508,Octshtxxitk pbczh knilz qulz xpmtlxq
VBez8178564894,Qtxveccqrow vrfeq yyuao zoex smarsjl
KXyi4539705040,Smcknsujtzu ygecs agcvr nnrr bbmfnqo
XWwp9071075100,Bcdkncscoah fvyfr xrxwf nkjn nhfcvwg
RMje1200375618,Jbccxbwznib vsaui udksx sbcz lmmgmmd
SPlp7050854761,Admmxggewes aefzk thlcw yjsz irquxwm
JQzp1961599936,Ntnlujfvmqe vfrui rvhzt lhkz ckfbnus
PUir1280042211,Ovtxeizhazb pxaep mtpen fqhl mamyfgj
RZxl7174345421,Dbnbfslpags xveez qaeqv brbp bxcvsdy
SVxu5996881324,Dazfpqifxux bwbgg zoscj uymf ngtrdez
LNex3660373141,Hjtlrsntfnf bcydp kmotx ztrj ptkzdni
LDgm4603059439,Ofswxfkrrja odfqj wdcyr lqzk umfbrei
KZfd2154516076,Blpulymqnvt zoegv bwdpq vwmp egmujzp
DWmv4761548563,Abgrrrpgfay njipj bqitd dwrp mlkqvly
AVtu7960446939,Hddvobkmnlb tavah uzwhe vjjw uyozvbb
QCjz0997879381,Wpsjfggkzpt pgcsb pnuib itum eigdprq
PXwy0080449699,Qtrtklpftgv lmrmn pjkph dvjy cmaadlf
JGal6302441797,Ekmmvwiwvmr dzurp qxgzh whnh wwhjagi
NEff1917638289,Rbyficduand oovui eutnq rxyk ufhnroj
JFjz0833358045,Kzxtjavpntb clchy rgeff henp obpbett
FAtp0527557317,Tbqbpqnqjju ifnpd zksij cemf lgeoljc
PXep1381820530,Heggdayqotn iwamg cehxg oite ozrsodf
DElw3198852013,Ateisneoaom achpw vtcxw vicb phphtyv
ZIpm7578759674,Cxkamnaufdn eibic tiudt cuzx joinozq
CUxt0374799913,Xaevinxpchq vquwx jtjye yzgx bryxofo
MOnr1875298820,Umtjhqdmxwp teawq jagee gycg labhgdv
VHkb9383890777,Rnteebvfxii upmso tkwkt dzrn mrzrkiz
COjx8106417033,Pzlnqlytsdb lkadq tsvzg esda ajxspyc
SAez4106928756,Ptttyqveykp duxyw ygloh hnzx famgatr
VZcq8505175038,Ejiwrzylasj nnmxy evijd lqmm rsodqac
CLam7243125363,Shnqzapfmfz rnlmg lwfze csyw eqcducb
JYle0001152962,Xekfuuavtrc fgjvu sjchr cgap ejxpwkg
KQzh0058492413,Ntjtyqnbwrv sxpln fivzi fazx pirdjez
YOpu0933917385,Oblbtrrzkzu oevab lbsbg jivu cazhymp
HMhb5231514875,Bgsdlgwmhqk jkxmr hawee czhp teapcmd
MEeg3556120657,Yzvpslusquh rrnie oztez zeng eewdrrn
QDnv0163237949,Qlblryrwbio yyjxi ktzlx ldxm zneeojf
KHtv4411017812,Svaopgkykym azvrg xlszw dvtz zkihkdh
FMwo9627840644,Ohxlwihdukz kqsic tgjjo deyf yioqljb
YIhr0553695017,Fdvwdwnhgpp xanla jyrxx liwu afpegzx
OPch9052039011,Altwnzraqcc txugo iqzmh tcwo hgtmufe
UKjz0184547485,Hfjegbcpqln hhwid txjcw uill engqstk
QAod7528181919,Jakxkxbhrzi ujjxe gtvvj tyqa ivxpisr
LRcl9037593753,Qvlhuklaaax moznx suvvu kmwn nprgsye
KKpo3179797639,Dxmnbspvojq cezvy htblc srvu zqmangu
YEkm1138549677,Nkawtxqzxmt swjis smzmo jhcd nswlqxs
TEui5706367958,Edcpghkyegx wwqjb ohmju lhzk kkkbnes
DAsx2817301399,Ynoqmbdiwus isoaa hwjxy zknw ggjyobj
KUvj6843352748,Ymetueeivpy lraep qprze kdng gvzrphr
INmr1197296011,Vtmebsxnwol eavgb grvsp jmhx scxdenn
WWux3182382485,Iskmrabjitm ijxfr eqaqj lseo cdwxtgn
ENmn0525081552,Sxtwfdgceco jaqmo pnpra hvct syvbklo
WXmm2904607652,Mqjvbgnvwzy rnmxb hxxpw xvcl ncrpexs
JMdo2223527238,Xopxcycqdkl rutho yrfnd wyjm ylhrdos
LWqj2441869112,Hrkrjfqpnur kjnln pehwq ndps hslgjcw
YSjs2786503216,Nysauvdmifq ytyiz cljqn ozoi ocmriak
GIff6460776587,Psyxusiqbtv gykcq vmgod sdql gyqgelh
LKnj1739265905,Bkgsahdarrk tgzje dvone zzaw qafpzfu
YEkv1083564062,Xwwijgeptcq hrzvh ouhvm xqdx vyzfrbm
IFef4851910116,Qbzztivsoqe gdfoa stcue xbhk qtfbaxf
PIbg4494004746,Xccaikkaqqf miswi udjyd ijlo wgmitjz
QClg4432841988,Hjopyntlckj spcbb orgjs fxih upnvyhp
IHcj6083341162,Hwmynqnaqvg nsmzg dzqty bbzo oalftzb
JZbg5261053425,Qgsfikuvfgl tnifo zjlqs azja naqrbhz
EKvb5568551356,Rhzsnnvniox hvunu ihndj bskj lufpede
FKms1921259342,Titwtpqvpky mgwhh syqap plgk wntxdbb
GYuz8230877821,Rfmocjejcbv ggouq oovsa uwvi fhnvtln
UMkg6335818005,Zoyuoitktnf kckhb zugfh sekc ufsgzik
XZbp4057874996,Wuiucayhxdp nirwa kfixy kzxb fsgfrju
CSwr6536972637,Xmphknerseo ifbgi aggxb vyyr ydqvhmn
LNrf1360452642,Sjwaaagmkiq vzohh anofq krbq ppebuum
TToe8599186285,Swuxbmoehux daqiy jgdbd piyr jfkvjnt
ALik1968532461,Ygdihxhtxak ybruy orcsk kdfr jrwqdhz
TFzh8366382986,Vaxgcssvkab yfyuc katsm ytuw iewfoko
PTii5126619658,Ezexvclovaj koolk ztfko wqvh tfwhbfw
CQpw0485264698,Wmrqbawzqoc jhqog mbxvz klbl kawkppf
BUmz5337591765,Rqknxayoxpy oatsd qqbqf wegg omhkvlv
NMbl2360481619,Ugdgnirhckq yswbt ptmmz pnjw mafznhb
CAta0005530851,Bedqiqewvga ieagv vtwdq sjah tdjmvuq
CJqu6065169959,Vxoohhtdvbk noaoe qpvqn jykr gntfqmp
XEad0666703691,Gihxtslglxv rtelv afzbq nqro fnshwhh
VOap6219322593,Vijabfdnvgd gbasr zadfd typv naqovfj
RYcs1069112115,Tgeyeqhslor hxtvc ricec uokx wnjbuhl
EVyt2932521015,Fpdzgcajqsc rwibd wsmha yzmd kdyewlb
OWun2419504255,Waywlfcwgea xapgq fknzp wano iwnzhcy
BHei7581952283,Idhvmconzcs xdsvo xczkp pmar dwsbaid
NWkf2301514560,Uvxndhtkemn haycr hboia vuvp sifkqmy
TIfp9401776244,Hobqywmencm wwwpv mdpvj yhum lvegyny
RQfv9835655931,Albmijkgccn yzzph xpmnm abgz wfcbkqi
SBpu7115181787,Eqrjcswtqcg qbfky avnot tybe drsjhnq
KCvd8663631598,Gznwdetbrbj xokhe kbakc mbtp renuexq
QIlk4600779742,Etkmjnkvruq mdogm cpneb ydrs zbzmjyo
DAsq4693062962,Ewtumvtuwha ruoyj pmebk vmcy agewiqj
YVhb9587603176,Cclmgdduaqw yhfud zxylk jhda flimehh
KFiv5624451230,Vwrtjfehdlq dtdth ezeml mqre ksavemm
WEaa1696970524,Ppyvbozpito dsuoc pxetv vfdr twkjsgs
RZib8500106840,Ygmwuudkkxd bbile ultyh wdxr omjdoje
DEfi8683833694,Kewqpkldxju qpbjg aumud fmfh ddjommn
WCzy3900438922,Jccwrtaxxxo ulurc egrdp lvry ybrxupx
VPob2816281705,Xldydkrjkwr xqprv dghue udkt qdfdxyg
REbf9755416197,Mjobqkhuvkp llsgy zjlbk lyad ayqtgvx
LTpp4881478239,Zqekivspakz hmzen nnwww uygb wjdnfur
QLrp4771402983,Mvrxdmojzkh pvkpo olnop tcvj mtvddzs
SPoa6141090209,Jjsdrgrowso hfwyv igqbc jcoe kocbqqb
TJua5547829727,Tcfsiwqvsqk lymbk niehp fzva fgfbrsg
INiu2480230198,Wtzceunglgh wrcif qdiuy csgs vrlxkmb
YVuz1371626151,Jnoeacmdmjw zueww tdsat urvw vinpixa
CEhu7199103801,Twuclrheqvv uudex vziwb monq voagrve
ORqe4687162814,Kofguflrcpi cpuck rscpc msvd krhbynw
LOwj5900340209,Twxsmhjtmeo xtsgi vwzwf ljnk ehislfn
RJxn8552366304,Mxzrdmmfvho tuthl nlxya zxze tnujlas
OPma7948073995,Jokiwygvygm sftcg vdnue ovej yertiry
SOyt6456727390,Mdnrymccksz wrygt xpepb lrvd jjeeuyv
ICaa9252009181,Gfaekgwhtyh rwdhb ckfve geus qbdihey
PCdv4883525464,Lufifihxnwu xijrv xhnob haom jpbwzgm
SPdo4483288222,Npefghbxvdq jijxg wqjie gwis frnuklx
HXus8098702878,Pjnqjvmommy jxogf erwqd brpw tgxuyxm
IRob1417579330,Ojgglgkpitd kifwi fjspn olsy xwoqyuj
FXwo1320085680,Wgggjewylka hakbi mfymz fspf guamuvz
JHqq8107020460,Batsescsucx zafeg ssncr oyxd dumnjvn
BSgu8745299344,Kfaktgfdvub zdymf bjyvn wnpj qpfpzom
QIpb1442304245,Ejclusaibdz kswky zrthg wthf nwjmvgu
PUil3616427331,Ebzrbdaaukh jyple qvzvu ygdp bvkzybr
SNjz1026117382,Tqvfnskglez sanog izcpx lzfd gbclzvi
RQuw9986655386,Qnfegqdsbnx tatis hpgoa rawc ubewowq
IDde6058888746,Svizgstmbrx qezbj qtlgf ppqr jmsxhun
VMms0531702294,Tdunddaooeb hexax zmiym jowg fmjuyey
UUun8266697353,Wjjnjcyuozo bmutd kparl mcjz ipmncjx
LTvz1761619631,Alfclfluzda nkywy vzopb bths cgtmwei
FWgr7412210122,Udfxsdkaujr snaih dvvmg gwpy bgeedph
VLjo3382597674,Xngrpjhulno fhbjf rhtpv qfcn jhlseri
TMox9400755447,Lutivhutgxu hvgvj gdyso epmw ujhcmyi
DQha0945910258,Rpvfyebkxtn tzdwj fucex cvaf heenzwm
OJqx9116065097,Zpkfaefpupb bahec sbzlc cmvx fulkohu
WBdp2211790382,Zxkiomneevq bdbum cycso fupu xhkfnfo
HVih6274627130,Iqqddwgsqif jbwnp ycgpt tfmh jositkn
HIwg5904373271,Cjhbdyksomx qjaah kanke twbr ntcpmso
NFwt4206409914,Keyzomggxer rlzfj nhnpq zhrp xpzqimo
YLek2815663447,Etjmqnhatjx xqnty jzzgh blph hflzhbb
LRsj1595556155,Dzwsxqtfwdw eawgz igtsw ysfs jtugspp
PHtn8162111409,Pzyxsdfgrdm lxkdw lnsvz brkh uncdmrz
CSpo3593258426,Xgylsrzsrfe jmcik zqhdj lyfw ewfkeqa
BToj8923996423,Nfazprzscyf iseol mwypo ctli avohmnt
HAmh2063729363,Straeptwsgh wchgx fsxow iwsk uvqptub
DUua5269479210,Xnjrjstiexf eomen jukus ktzu uidlyke
NBvm3088345829,Mjoclidoyio rgnzg ytdff gshm fpwosyp
KOwy8097217091,Heaikophnqj smtdu ucvuo acpy vzxhhdg
TXab7523071806,Weypmysdbcz duwsn sgjwd seme eigqqqq
PIxr3493507845,Iohiaarxmsi mlibu jykib mcea zvynqmm
LJmj8855559554,Uwjomfdsrrf lytix hfzoe jsbq cgrujci
KRxt8677769896,Kjqainrpkyl fiuan tnxfw hjsf ejujslf
IKqs3902459865,Glyxnsurzuz nrhyy upsfx whmk wncqstk
PYuh9976986341,Rrbzmhvbkms tddss biiwl dsoy ssxfysy
UIdh1271203126,Noxhvnbvxgb yecyj cmwmd medt blvemgv
WXso5208812213,Cnetyeaqubo fokli kiuem jdwb bncxwyy
PMzr8298988506,Zrbxauqfrae xarmz isvbi qzqv gfadhvb
FKwg6134994618,Fszatpoasof rifba mdksp gzwh mzdcvtr
ITqy0912259720,Yjbcazoktyw beast crrgg jffn glselpp
PGiz0330300193,Dwmqpkshkhp rbjmq zdvje wpmc lexmdoq
TIdr3225927049,Smzkkboagyo lcnyr mgygo tpfg tfngnua
QRsg8938157545,Yyliipvthce aifmz layvt fbjv mklfzvi
MZsc6887362485,Heaahgbqytf gslah ufyyc qgms uoscxrg
EBtc6462342510,Vgeowylzyho qnxsr ktgls ptzj qlxwcji
FMtv2329583829,Xoboxhqakpw nkyei vaugb gwlp nflqnno
SRkp5544126188,Ohskmztqrmu jwrhi twjbx rzxv exracoo
TPki3328467482,Kkyjpgjqacm caiwx qhmvw hlra tsbszku
RFwf7651784333,Crsflyefkkd clfrg byoav gbhy erygrol
VPpb0144857396,Akbobevtuyb nknlb hkjqg iitq ziohcak
EQad3387702298,Ruvjxvvzrea rdgri czmdz cdpu otazirp
IPci7537485439,Vcevfwnxusv kmkyn uwicu irid mxpttcq
DJbb8310580521,Vbrfzrgiwxs gwqkp gmjul kozh jddutsr
VRrt1269293108,Qilibpoydwo ejgep auaao qazi ekewagd
NUxx4757686320,Vpnslofijao tqkmt dedib tfbo buxqlmt
YLjg9110789154,Tncoxtimwie nfieo wtevp ktws somouke
YWvh4554371808,Ftxwcfuwnze xjlow yyhqn mrpd quaetig
BCcj9172712593,Zektfisnuuw wbjyx ygiyb megr tzwqoid
YNnv7711546606,Bpjbncfrslz djnzi xscpy kjbr jmsgzaz
YQtg1445480276,Tghtqezieks efctv yflxg vszc avdzlwr
QJug7304198202,Gjsesplfips rgiid eeaju ohpk ubmqeiu
ZNge6815379159,Nrvamkbtfln oeslt gwrzg miyz byvuvkk
WMoa2313982039,Hdafjoapwjf sedka rhhab ccrd mzywqrs
PAox4055745893,Nesebfbqmue meqbl lakxg vppi ojknvaf
OXxb6027918301,Nxomvvijtin qzqbg tnyxo gzeq jigqkml
DKhc0702263942,Kdkbezhptjd rpdgc hqoqu ubjh enkwnij
POlc7111751000,Bkhklwuqvmx rftjl xdfwb ciqc ncrookn
KDvb2229815768,Ilesvndauks dpgmd hllwb jner ihpfxpu
QLfm0150406557,Uriwryregqp zubas cenon riva wskhcno
FWhw5328560014,Tepplflpqur gfqds mmnxo hhks idvljib
WYwl0603132680,Owpjjemkbnp mdjoc zhmfh vjgw cnajhaj
UGrj9298331222,Lthnoykdhux wpfhm ulrhx owsz zxnheru
OFyz4678408962,Hbmacxizdyb vtcoi pamgq allb lqgqtve
OFdo7674602364,Nhqutsxvpau vjuib phxqk pgmw msnaewf
OMam4847837664,Zlizsrrfvzy umeaf fzifv vbsy rjkbuyz
YMxv7564423791,Uocmdhglyzj annrw nwwef qepx tviaidy
VEnw6353639080,Dczqayerjys jtotf ffjql oulh lpuhwmp
SJlg6935028296,Oeqsljqnldm awzru kegva kkxw diahltt
ICgj4125443141,Oiztwzywlnr ugmkb kswcs yduu kjkyret
BXbo2931373625,Iepjpsklscw uijyo wgbrq fekg agxblfj
VFsb5640083249,Kysvvbuouws umcgl mduzz oppc yadyyzy
UOmp8851629131,Pprqlgwhseo pvcxq bmixp kkyq afyqfuk
FBth1797407736,Klfdoztgobt bldij nqhfy ixcu oflvlgb
MGux8519634943,Fdosdicyzdv xnnos gxejd blfx xbernzc
KRod0494887606,Uvtxxmvkzsz yhnhd gzrmi ajxx lodhsod
ABzv6161038930,Ujpyzqyspmv ezpry fmbdi pepj gembyrn
ETyk5083625428,Kzuhhsrbaae ovvcv osbec vdhl tqxwovg
ONap7623890189,Xrourvevcbf iswib pvozq jwts cvofllf
LYmx6353054651,Ikpkezefttb rleda jrgyu lkbr wvvvndg
QFcr0968306667,Jgygugvyhin dsfno mxhzh gxwn uwjyrtr
LSxw9186979572,Miegnnwvtbz tcjzy mmhzb ejbp bxgvhht
SAoo3558401377,Kjbrgfyxryc cbqis muvlu ukib saoeaht
VUhe0014389626,Ixpgspimqou odhsw onfgw aale rvhhsel
RPmv4921254601,Xvnmatriuss fkfiw rxouu jkel rrsjefm
DPbo0180610605,Lzcvzqpnwlz drnjc uqcla cgdx pqkmqgm
UTwt3261974162,Ahmwoxhdepy euavx zudxa xhpe dslogwa
XHvd8639525116,Nnwfbtksiyd eivcy ecojt nasb cdwbidf
NJol1185257643,Istqwckdigs vrifx gtuvn xajb dqvxjmz
TAly8628241351,Eyhtbwsbncp pmpiw uenkw wupy fuoxhja
FFxr4939070984,Zppijcqdqps zaovv axxhx mybh cmvuoux
IYau7650408534,Iylsvucfegv bkook vhqfm qlzg tdpryjd
JXgu6644568125,Ttbznrzzjsa sgmnw ojfrs itla raytkon
YTpt6105564874,Veinhkgittz xyjuw qnixs tacr qkmtwwq
FCum6244221019,Eyjwvhyzypc mglri wbqzd fmra ktlwoxm
JLht0519234039,Ddmbvmfwwvd iahmk sqvqi dkng gihmkmz
TPnq1104555684,Hzymrdhtzdt ukbvm nnqjm tpdp pwtpbuj
CZbp9452042900,Vskbjcsgcyt ogpin tfljj kard egzvpis
LSwr5531517052,Epzgapuydww cikxn fcrdz rtil ljlnclg
XIxt8053699293,Ronptayyxrt qtljf ciqua kbdl sljklop
DFah2175185526,Uzoukctjlos xuqxm zbcnf zpau tqcukwr
OUgh0097128077,Mkyyyzepnee qtlyh alhls puqa fevbanp
FLea6725428893,Aqlkzsgjpkt vvjjs auweb lias jvfjmkx
ZDga0251160570,Cnbyajdsebs flgdn xbjyw vmur klxrsfr
WMxp7255446110,Speczymvgjf bbzga iwmkz xfcu rixrhfk
ORwa7732599519,Irkpooyvdlo atnoi cjhck fyvd xkenjgs
KMcn2459770219,Opnohvyuurl izdxp zqdqf uaby nttbgmm
QMoy1031374716,Mpdsskoyllr myokq iixjb kngs jkncyiv
VSve8926088893,Datqwgckpth mnhjq ygmut gnpk xchilqn
KTwi8955542461,Urskydnoslp fqwws tvvhj hloj qftrfns
RFuh6737850341,Audeyycenez lccmo ekpbl bjse auznbvo
QDdo9098559382,Bjxzkwqpylf fmaai nfuxx kovp ivxihju
VRlz0203755536,Cocwwyrxanu szkdl xzndq sjie nzedbyt
GVtj6353630939,Hovjuzmfdwz fvdiy tojra euvx pddyrgx
XEuz3201646325,Bhngauiyqkq ttjod lzkcb kubn cvmkzhc
XYtd7030160304,Lurnaxkfabm yybpz roexn kmir gijqgzd
VMxi3713945755,Vudzrukoqcm fendi lzmpv aabb jpdbeht
VWiz1838735643,Pbtnunoppsq vhtya ovqis cgbu idxqith
AVdm2151030894,Yavvltpjbuc dcsri ilgoh vajn aahxapl
WGxf6297010608,Efhdaofcnaw dvnfv cauqb zjex nvzkzmg
PRmx8341286064,Fnmhdldfokg gvarz piain wtsi lnsasot
KMso8362600518,Skcudvhdwqx paxqo rpnpy knbr vovdtlv
YFuh0288419194,Bkojmneqlah owxti hiqst omkv gmiiqjj
FNkl0402496796,Tbsluppmjmc iqdlq ivdas bdnm krtgtan
OMxc0844150385,Lhadtilnrfb lcbtj zoieo wpig sxstnlu
LOzm5598393535,Ddumsgirrgz hlmkn jjann jijn rkdqcqj
QQbz4994768701,Knnzblckclk yccbs arwmj qoij bypmgba
YIqe9957449162,Flkjiwzmmpd qmpku deeiw fjow lswhruk
GHhl1315659014,Agrybaepnxt vckhu nzhxa enml kqhctws
NUbv8514288464,Hilvbauxnei rnqep kjajs qbvw dcgtiht
FEfa1342429570,Ypuyyqdhxxb fyrcd jdfng afjc wehejru
ATsq3452824934,Romoieqidvm edxrm fnhjs bzti mepctpc
MTxn0812776769,Ekajjyzartg ajjyo blrji zyyj eaxolwa
VVgg1461402703,Vahospxwydi pagsp zmsdo bxzy rtxzqny
BNgg8352822110,Wskhnruzyxd tzegy sajko ynmv yjsbxya
QWco0094595402,Ccrzlzreedk gllzy yeeot uzgk uqyhaji
FGhd0168957816,Klnlebddbxf nfydr shteo makh jrzixcv
OArx0551459305,Tvvtlyxvvgl uplxi mfaxy efns unogxfj
QZlw3755430164,Bfdttrfscye fmvnj jowqy dipq cigccpx
UQgb8425737258,Cqpnjyzmacp aqcpm lxyvk iagm ffakjww
LTte0370579391,Swmdmgjelod ackbi vxnrv biym dtumbxf
AImd8204615330,Qqaouoklgxk jyzmw omapq nazk zegwtjf
ZFfs5861544251,Rrvugolcdan pwbin xopnx njgd jzmhokh
LFsv7010029552,Czpfixiynxw ltvkr oknaw rijg bymraxp
WLwf5625684267,Vkgongpowci yggoh xpjwf okhb wwxlywi
SZkl5379856478,Usubzimvkyi rvbas osvlm umrx xmfeopo
PGgp0545655487,Eyotmxqsbvp cuceh clccc brlt brkxvam
VKqy6328203959,Emcaygxfpko kxrym gjvkb isda ekmbvri
IFny8230429527,Asepdudjfct xywdd qnymf xgzz rwymhid
OPgn2834721804,Vrlhxuejlut tcqxz crwpe tgwj ywhhdbv
FGnl3993723519,Fhqgrojirzv tfpro iaowa sbrw oaomugu
HXem0249240215,Hptyaqsfgxq xwcen ipvpj vcug qkawcaj
TBxl8148306785,Ybkrjnmmykq zlpeb xyndt qhkd towktbp
YNfp6497967120,Kuecnjjnkew jtrss vwnkz hkal kfzecly
ZIiy2275793973,Upjlybfxgfn lwcfd vpowj lzof jzlvywz
BZxx4996913764,Klhkdtgcoyw hlpcl ncwih vhwr dpkmjdd
WXph5787474051,Forlyygscex ksayz azhmf mliu lwqpzva
ZMue6112093518,Ewjqqorgjgo nyqof cxpen oyzx ehxmlmu
YOxc9774500538,Jgodenhwvgl qoljn kljyp lxxc ofnwkbv
PUys5484228909,Tcpygqgkqct cmtzp viimi biww tzmnpfy
DScq7085953691,Dpzadcnnbrg yuopc dxbap nlfm pfhovmp
PBjj7619829236,Afufejsagvw vtlhq pwxsw jhmh rckqwjw
EKrd3795805452,Qzqflvqzezn ybget llrrv sgdc ygdkjiu
YDrq6016214462,Wgjjvekvcpg potuj qjzgn ernc xikrvnn
GOnm0997264455,Ewhxqttwmkh sdzgd vpypd ywax uorzypb
GEow8233174458,Vhazpgtzjwv zrnzr prmtg oppi atcmssx
QQcn4640564045,Uhtvdzbesyk akcen ztwxm aoaa yehhvuh
NDvn7287109847,Dnatqgtuzqd emssa zurrt hpxx lwxjkxg
QPgf0844081361,Nvyaflyxqnq dkkdx ydhbx wwmc ugwrccq
XPgw0098145324,Tzppilgbrqu lmbxa anexr bsci iyippkh
KRcv1895870964,Uxpdnrugjyi rzkah mbkub xyqz letuetc
BYut6645817658,Ycmljraagjq lxmbg jxhom aore giwijri
WCkg0816496832,Mqisakmnjgc ianig xavze hrjb lwqnnvj
VObv4387869375,Gasawgaspjm lidwu ywmoh dmth eulrnhf
KAht0257506260,Cmgabwgjlet steke yxtgc lrnp yqtpmej
JPwm5352449540,Tezprfrumnn qpjeh xnptd swno wbidjmt
YWye5043658050,Qevmaxekqhs rdycg wnizr emjy oqzbzxe
ZQuc6231567654,Yxtknfviroa yvzzb rvbqd qgpb ffrnbpy
AWvb1557009800,Wvadgefneau swtby vdnqx uliq qryouet
XYex5665392169,Mnbkuhcedho ybgvj ghhls gldp lwzwsbv
XBlm8722816729,Hfagnqkqqiw xddrr fjteq fsqg ownndmb
UDwj0158102505,Ooarkiykdfp pvgsv kqeox ajjh svmrwwg
KVsu3433748645,Uxojpbwnqsy epgop oyapp ihfx olrbnhk
EBnj2861701860,Khwmslbsvkc sqwjo pqusl ncjg uagkvsz
CAtm2481224822,Spmzbetgbfo xzfmf lgilz nyop mitcepl
ABeh9173221849,Hftatemgwzv ivznj hpjus bmlu ifjqzjo
HLhl4129327604,Wtlidnynztq xvllk llrdi dlwl yamemis
ZEbw1599613636,Hdrdsefdmcf apqus vhdmw lome zqzatbe
MKtm4560404918,Setkpjmzgjw eebxh dopke pqae jlodjyt
XNfh9418312460,Rkxjqduogxj jbzut dhnon gopu bqpibnh
GRwv9030474450,Lddvydyegkx cxpbg ypccq xgjs cpjahsi
MIoj1775157218,Qzwphjjlqqt fvgqe fkskl zbcz rokmlrv
PXwm5017798755,Kdmqtbjqcmx fznhm jgajp ralc xrpfped
JMyu7876123391,Vxbgvflxuxo kgzna pfrco knub ssshroz
KHpy9089527534,Gjowygesjsy klidc zxvxd ypvc nnrboae
DWxn5477393048,Akbzzfajeki kylbw enynn vkhq jdhhpfd
MUjd9638580378,Cqqwclkrdzo acwrk mfaxu hjth cetwztc
BKxt0281817340,Cfjxzktstpv afkto efvyq ueyb lcrsrgk
FMad9949606032,Qtrwqyujscw aydew ngsxu ajys gnsdbnt
HUna5383287074,Vtmqftdmtqq tynrb fcwuc emxs jdynhjp
LMrs3825278538,Tgluszjdfsw blrpu jnejb rpkk nsixnuv
TTnz0189954617,Fsaflvagijp jovcf prdhf iehc ylwqqek
IQff0834620316,Tyspdxppnxq gmwof vounv vwnp ofcogrz
XFlq3527690518,Auwyscubtbh vrseu zasns iroi hsettrl
ZMnz5450581862,Cyardwtmjjl ijeaw cnwpl yrlp ayilovr
RIjl9519498864,Jjoraeepruj bzvpe jqeth dwks wegfvae
BOlt5422317693,Pgpjonthais mirni ohkuo mwur fuzhloh
HTfc8527609420,Zqwsseyhpre azqjo fkbfy tpal acarnaq
SWji7824053936,Gtgvynoksme ptntf feedd hhkk tgvvfdm
MSqj9006073448,Plhsehiqmpo siuem ykyxe rnwf vglfowe
PKgf5540727743,Ufzwrttnuaa magom gbqkv mxem azastak
XBod1516364554,Ndmxwwpzpkk vrosx mtjfk xehu tkbqles
JAqw8143884807,Ovxlrxjgkup ophnq lgikg vsxu epetqhg
AYkg6199979186,Uexzriohqda fziod dntpl khyv pyoxhkb
VTgy2660679850,Lrbyruoanlw nheuh nrvcu pbtu znfuioq
DKwc4777639111,Srlegwirsvt myhyu wdnnf vdmn qvxvsug
FWug8222606335,Aexvxoekvjj lzvjj wcsmk gipz qksjjoo
SOqn6994953549,Svodbkcysmt kmpll nrwpl pvjm qdsoofx
BSuj7698429943,Baziycazpjf iuliu zlyox mavh lmhzxqh
PEky6723681819,Kbrotpgrlpm eyxyb ojtly pdgs ozugais
HMxs2749201122,Krfnzxcgcxt esqdw jprfp okqv wwjnvqn
ULrm5355357932,Cnatjvurrlu zmcle sndbc pfbz bntfftg
HCvh1735856076,Eqwmbqdhuvd wsgdf prcaa yxam ukdivsa
ZKkb6334622790,Zprdkmyzprt dakhy wktvo kaur zavurac
IZrz3982573772,Qtnqqfrrmkj odrvq hboal lksr yfxtjux
UBpk2615337481,Cyafkcavcnj xsdko drcvm gxgz ulhzxjt
IQnx8492449582,Mctpmecqliu ehqne mennj wtcp rueluqs
TItl9825190362,Jgmdlcobabv sbhtp mkcan erqw dspltra
HFqh9974239148,Ovcgoyccibk fqsrg lecdg vbcd syxgaxk
HJxi3125926091,Ffwmxueisbj xsykh xnwjp clgc wzisxdw
YMnh4723154451,Doromteuwyr fvbla kcybu yyuu iwaibya
NSko6690463036,Cixubgqcytv avhfn kqqgp eqaj yrbxprx
XFqy4550138189,Ydutpcdesic osqba kowwb brce jtvsyxx
XUop9970357773,Gekkmsxnnmt lazfw sxhwb djgp izowbqw
UGyr1778899300,Htvoehjqubg dylri gssqt ustx ummyhjk
VMsl0774394826,Lepywwyxfru pwexw livul ysph ezezrnq
GTej9178448553,Zboxnjorexi tncei rmskn wkvk ekqlqwf
APxv6729691454,Jsbnnwtbxsp uutjl dohdp upry kklfywl
VJfg7227222967,Lkgzpcpijcb vhodc nsmyb tyho zmcwqbb
IMxn4018621705,Jnmrhvtzsqw bvswl pcghs gpzw psqjfvs
MXyz5062127208,Stmdnoqbiqo wjgdt nbcag eizc kljleuw
UPmv9979152533,Tsquatmfigk hzgic ushit oqwa ajlffkn
QCbr9111193742,Dfgmjomazkh iwiwr sspru nqmh fmbpufb
SCvy6043904443,Yrpwbormyil nlwch qopfa luey prnqjvq
ITob0690518970,Kwetkecstuo jyqrh tfcyh slbd eioulks
FXck1171342116,Sruejglxzyw uxvfu bkgva nftx ebvnctq
WLqn8068499896,Jbszsjmxrad hhnea lslvn xfxy uelxaft
KZeb5421054478,Bihfmduxqby bfoxi dzief ilfg nvzsbbs
WLny3115852592,Qxyihxkiywo efniv nfbmz jgha ikxdzqg
UUfa2535002740,Oujyqxjkalj nwvob ztskg hjlx wlhxayv
YWyt6753172140,Wehhhewrude jrnwq yvigy ikfn jqigvxm
YFqs0108338458,Trbfgbucsja ramav wzutt ydks mdfpxko
MZnm3534134717,Quzfrdnorff asgxh azmin mavz wavovgv
YLrr4638793137,Rtmzsmczvcb ghptm tkumy eofi yyngesm
HRjv6918228242,Jiwrtaowapk qvjrq eognh vpth vkioznk
LTra2479737022,Ufhhjtqojre pkusf mkubd owsf rccmgaz
WAuu5936505118,Kaskozyffci dcocx eyitc imeh sbxjraa
VAmi4827294827,Tojlnqptvct bacng kierh habk rodxmqz
LCfy1962940758,Rtutfuvvgyb ydkvl htyzp krnq fbcyhqr
PCxo9696476996,Dxfdbevklqh knpow zgdcb qugl ltxdhgd
SGlf5862930670,Xlmzviimoko zcrow golnt saiz whuzujz
DScv7377077130,Djiddtgludg nxemp hqzgh fhym vqklhid
YYyg1679666119,Fpjbyhpvsaz lijne dajsr dfvh mtwrgrz
VZlu0906023962,Rusirbsovnq vmjss bkqce pazs oxzliim
GLlp0190945091,Qvvisjnioqz lbqvh qkfgr ybts cialngo
BGap3054650310,Ulhnphoycgb lfexb arrvi vmbz vpyynom
JNbs6290652780,Npazddvmcva pxccj vltra mosa snsubnx
GTng5717659374,Smwjsyzbllv gdhsy okvou qfxw dyxkjqs
EGhl4253000024,Guhgbazuwig nlpyr khddr ydif lcvgmyo
RRnh5330271440,Rptpmndpbfm ecnmh caoqv ociu ltgosyp
WYro9365731928,Ncsntcembtk wdget quzyp iuiz aetmpdr
KTvo4899521543,Oglhbpuznpt iafyj jkiov hxsz gsrfonc
VIbi8202238045,Hblbcxkgsgv xdime npers ycvz yhpfphx
ZDsj9955899562,Jheidnwmmak rnkvs bgmqb gjdi jkzkfim
RPyu9885831185,Qourhwrsstc ppohj fbgzf lztf wshweaq
MGao6960921958,Klqffuwktfd tbfku yalup odqc puipzfp
RPao2352731801,Iarzbxvpxbr mqcqd vrgrh yxiu yluzouk
TDxl6356445676,Tvoqzbhkham paini ekzcv xrzo iuxypxd
GHch6924961228,Jddqjcbzfjb eaagu ixxqw bcvd qsqtygu
WQbi5991068889,Ubvdyptauuk mvmsh nkwhv jjou egeully
HGtq0774484631,Qcaiqscezvm xmeld rlltu zwtl kuxuigl
XGqv7703448056,Xjxojeqjsgv jtrgm uwgmx wfzi puefsqd
CSat6631101404,Sngnynsnzeb cgtkz uqjte xyvx lojopbs
YVtl3226339105,Zkruiykbkpc rarkv wvkqo uloc jmfsana
JVfa1228011145,Oigrjplwbul mmcqm wxjfv npyn uskvngo
BVnq6095340638,Paditzloyes tpwng hycnw dxkr qrtftwc
SRlf2270792909,Uxiefylxhkh krzop ulivw khtc jelxhlv
BGvk3849779619,Zvvpzhqovxe cqiai uocby xpvq xriwgnd
VJlz5938041465,Hdwqaiusegf htuuk aksvp gfhk uxsmjky
AJpg7114914273,Vpaiswsankl hvulv jtdex tpdv xhpwzvk
LKiz1802131145,Lclbqnotpkq eddda gusdt jpmf dqbgxqk
DCgh9685665157,Dcybkksosra xfueb zyxag yruq jhqrush
UGnt1435631217,Onyclhafzjs uvowv sruhd tlmz wpoukot
QNsc9567739852,Qxmbzbeiqhp fofse efdpy tmdq lawuufp
MWum0591377340,Xphylbaewee qqpqw tthif exmy chgkmmh
FRcy0009165531,Emcbucwrziw vbddj zkucz fmwq yzfwbtm
JPqn4758542964,Ptwiwnzrmpk hyzsy clncb vwdb ifuqdif
FEvb0157227965,Yvfnfaugskn lmszj oxyad imuc hcmoykk
YIyl6753140123,Ngfbdgkngkd djizq tpiwv fpqy sjxujfu
HVjd2531306083,Aekvyoezics lslwb mphrx wmuq jfudjog
UEru6174581479,Tonpwtscjrk swaux djojn dnid qtkelgr
CNqq3168595985,Dhtbljwxrca oftne dszqz qorr omtjslx
INge4370579037,Ppvbivojpvt vmldw fxohu tibr tpjrtyy
NIms4814525889,Ccrutcilgxt keuwt gzdvo pgkm rngpqix
QCsd9763438316,Ecwzkzcgpms uxuns psgsr qciy tsjcblp
UXij4741030686,Arbjjyzoqls herqe hshex vvfm qxqkofp
VKez7034486100,Kvtwrlgjdul zsiww ujyib bglw eygrqzm
CHuu7270237411,Zflwskzbwps fhfzn shuqq aonc qqezemv
DCgz3962705784,Elljcajdfgj rdmjt cvkfj nxdp fyzkcsc
USgj0588190358,Asewdslpmby weona kitpv dlgk bcxqchc
WNgd1875361606,Mkxomozipbq hpqiz fyvut wshw qhkefid
WCqo6377522657,Abiiyjclols iysnw tfzty gxss ufcnjjr
UDbp0723408497,Gdusxxhmtpx ultyq foayx cstu jvutxhi
BEqg0914747044,Xutzhokpdju lsxoz bxuvd weba mefuhnd
QNwj8380489908,Fterybkquyv pmysd fmfvw erms wnhvjtb
IKhy3824693754,Ednjszawhyj kfndq bwnpv givn pzecekw
XFoy7333068950,Zqcygssyvzi wehzy ssglc vymq ghsioma
OEad1754673729,Yotqqdwuvpd vmzdj rzywc cqvj jcujxgz
ZZkf9236574697,Qmrwrznthsl pqlfd ozmos dekt figkkvq
RWiy4195573086,Chsjodcltoi rbphq hzlcb jmys meumbwl
LYmw1339063121,Hfeyifscjhg pezzf nhevp bruu loaoaxb
BAyi1563910215,Vydgmnqrlxd rvout tuicm zrzk rxoivvg
UHkf9843417766,Qwereurrwvs rkwvd pbmnt luyt nhgjsvg
LQmi4537926720,Zbrgqykijoi afdmq gzgna sprh ysbxvou
GEld5943214391,Ytmnprarcqo mdwpj bqcym nero zyboaxw
QHic3183708567,Irmlmrgkyac gywwz hwqua rkve orkwjog
ZIwd0099392392,Tjerinxigkb qwxep vjgyy ttjb lfflbgy
CIad4169306731,Zpjtvffogsa fysar bmuka yqwy ymzeafd
DKse7931301850,Aanltfmjkvz svesx lnoxk hqtx kzffvjv
CQwc6844063054,Ypudpwvkueo msfuf xmstx uzpb wecruhy
AQbe1693998187,Oizdpdkuose xvvum bcnrm jexn jqfehmg
DBxy4178265421,Axkchhquaok lkvri akkte fexq qcgtlez
ALib5530979846,Qtfdnldztvs ycjci uelwf dsoq kcbndpv
UCzl6071253202,Vgoirqiqebc hcpfc vwfnn zaxi tmmfgqj
LWvk2469086891,Qqhdnsprxua ochsm wrxsx txwz istplfi
UTvm3813389642,Lugrmcknejb fyudv mzrel ikee zyghasf
OSgv0732815325,Yscjrfnbyxc krsrp olpoz nnur taevdnm
IUzh8079167602,Ioesfdufikk grtmo surwv wwfk oalvhgc
KJil5710317691,Hjeazkacmbl hyhpt hrljg drsb xhsvqzx
NXda2864276089,Xrpxgpngryx beuua zssbj kcrg pnitmkr
WAzs2076640086,Tfsysaicnku cbvsl nbmpy lbdc ehcumfj
FFaf7818570196,Hzigeuklcjp mwrok uohov plgg ohytkvr
VJht3110848769,Ugheydwrryk idsxt qixee jkwv qvqpvvv
ARld2410474891,Tjmjfcqzafu obijx ivser krmy zyqqdfm
AObs8398814668,Manjqqwoode yjamw ttuaw qbir wjbimxc
HCyz4960350573,Xnjednlwjuq ghjss mrkpc tigz nlqsdyt
VTwo0863804272,Spwwriyrpku hhisr jwvqa dylw gsmiyaf
OEnb5876322692,Nqxxpgbdvcj zqrio qfxsl vyzc lerunaz
FPyj7073273406,Yvsshgfoshn ozjyr suvcd prfx fgyrwgy
LEsu4685236375,Xcwffitaifr vxlgv kdejr ujlb qbvbtty
JRhd6102501187,Kudofykgkod rudgo nuzut pwvy uckepvm
VOzt9154714890,Ojvpxsaphxr tksqz ziely tfxt lkggemh
TUji2679225728,Cggdalscgku aehhp hewhz olvq ppzfngi
ENyy3158830984,Zhgjqwetzqo lisgh zbmmd mgyd cqinvqi
FNty6625593050,Dwlhyuxpims bynby nvzuc muqk ypygvcl
NFzj7268192555,Vmfgiwqkiyb uocrv zwyrx wymg drvisut
QHbi1445529035,Evpwosgztgl lfvvj tkmkg lmbh xzocmzk
ZKaj5227027719,Rkzbjoupeay twrai mqrvd txth bxuwavg
AHvb1137026371,Utkxdvbslxt yuwnf fhiyr mrna weztfsh
DBwe3473136499,Lygfgovskvy ttnna nnacd awjb xfbpnyq
UHvz4430415257,Qacxrryagii qsony qfpbk peeb paquuhg
HIin6024838195,Mnqmvkfqapv inkpr nfslf vduj hxaajuu
LNwt4984750319,Mopcwbdadlb aeyij qbkyu huwa xtgjbaj
FAzv7704839544,Psobtlracuc hponw uidpw idnt ondvpgt
LBpj2065016318,Emjoblymejw enxde dfuhl toun ekpyquh
MFfa9932520677,Londogtiibo fnygl hixxi pdjm gmeznlt
FUgl0754717245,Gwlydfmjxhk fauoy cwogz ttcb alntbay
BKoq4354850517,Xbzwnbulzys ehnsw pqbov ohzi tlybkvt
AJtm2988654407,Uroyjaopgsu oiaut tksqg avms esczknl
FNjp6099089664,Bgkkskrcfud npexk ciuse ztcw chlghte
JAbl1042384024,Tysinddvxes sffcb gqtua zieg phklyvy
KUmr8750790737,Jwyhwibhixi mihfh apyxw ajjn vetqpvl
KMhc2072506785,Sxwpxqdwlac lijzc feqgd exnm obdairg
BUvr3964259626,Pvvwffbkpux ugboi vgeei wmfs aderkrj
BSss2495313076,Tcdhgpijkpj iybza gormd knnk doscvez
UEok0294659878,Wyritafmclk xhkzl skznn jkeq ovaclnw
GUbi0184465401,Ykjkjkyaoff liiuk vvxdr afqv yccxdye
RCku2555472725,Vzppachhykd enkim vdwlc gmty umaespe
CHto1485302632,Ofucgeajtji luvel nyblt kzzu zcigxgx
UVec4679960393,Prelnxrnaqr nxifx lotsi xwnb acpzljc
IZig7451379183,Ajqbywatbyt nfdlm eeear pclx eoxszon
GHrp4964830619,Etpopqllfgy jazqt ezppd oxzi wtrcxjo
DEbx5153163818,Xxuiihfrulf yaayo okkpx vnpw lghqeft
ILkc4468812328,Kortcekomuv fgytz mlxjv whhd hevohek
POpd0294087299,Apqnomojpxe mawrp moryf vdlf kubdycz
TKej5672346414,Tqyvyvsiody bwssz xqvur vxas qypnlot
BLoy0674268111,Paavwfpuhtt vkssa siehj vvqt qeeyfis
ZXbf2939319446,Ybcgkmcmnei lfuee amphu gzeq swtxrgc
MMzt7080481797,Ptzysflsqmv pvvlh vouzl khxr ambbacd
AOdc7590566958,Sfkstkofass kneio rjxtf iihd wsuyqsm
COcq1389899721,Yotvdekhaya baslq ynwzk glhh aistqwc
HZfs9257613188,Kvkmucmylzu rilit ygqbh xcst xyfyrur
RNde8486612342,Rczmyyaosxw hiuhm sztkt pycr lmmsfev
ZNcg0275730170,Teczsapzyuh ymlrz eulra hifk lttcump
LUuc3843887939,Ujqyhehktyy zrquw ypxhl xpoz ugaobyj
DZaj6652269217,Ifbfivyfyek ppjeo riisk vqkr uwhhnkp
HUbh9993996770,Yzntvoxwuas venlz hgstz kjcj lokfclp
USei6770475299,Wjrnbzxvdff lxxfk epntv vgpd nkuolzr
JKmc4241466891,Ukvkjsudtim mbkbf umluh livm pwsltac
IOxh4957467929,Qqyagyspysu udphd xzjpg hqjy tcplill
BSwq9497467881,Gtzlhnwxfgv lcgoh irpxu gqlz obxbvxn
FAws4984042180,Cfaqzfmhrnq uvkxk xquzw kovu qvvlqxx
HLlj9242988147,Bwrmltvjrsn gwzfe dopee nvud chqvaju
YYsd5007263095,Gnuegcddqzn anpck xlnjy xzet bepxtap
OYod8469264947,Ndyyprcpnuu qfdfc nqdnf ykfm qqydjmg
JIue5857147935,Ludaqyoauxz ewvvn ipqcx oiiz sypizii
DFer3427648711,Tiornctkojf iukcl zojpj yykk hdhgwbb
APnq4222213092,Hkddjknbjse pvixu ojomu lalg aovffxq
UTjd3746391796,Bwzcycrvnfy eegmw tfpgf gvaa qstwxfx
OLcn1460126154,Uojlfelsbnu fmcgr vnfqk xmte xpyhkyy
KWio1047811465,Kdurhekjneu oqjov eikka bpnz rqfdvel
VIid9448066325,Rtkryybhhda zvclf tthqt muhx fwqnxes
IRie9404604603,Efyujhycghy grwkp uepic tqce qsmljom
REhc5458221159,Kpytjchjyvh cezby zmgvl obfb wotqprg
FHqn2001279221,Bwbfvxnbtza haqqn fherd omyd wncgqlw
WHuh9024262136,Wmlitizjfrw xnhro ybtfn fpbc fgsoryh
AMwe6005073782,Duqkrgnsyng btavi jrbbm vvin rjcqfen
UEkg2257339338,Dtwubmcypef ulkff sdghr flgq xxmfvhn
ZLpn1900764213,Hzaenqdylbq uvtzc exoww utkm jrhqgmv
APcu2231117286,Bjzcoemvfrd wkmzl vvzfi yscy nelhyez
WOah1448732592,Vqtjcaspwuv oyibg vzwkz cekc vdvszye
GXwo6513617207,Tejxmganocp cdxro tzbzf mpfx cetzgkk
SWih8084755942,Bqdcooaadms ynfns kiidf zmut gvdhyka
QOjg5349537515,Rmedpxabbck xoieb qhnfk ysgm tzuetac
APlo6379968696,Eozrnsjvtle pgvkj dcqfz aiaj zdmhzmz
MCzy9998081123,Bkzgjhqtehp vcirr bccla wqua bdclugh
JPni3739405355,Kdbrvwhmemh wawxt gdsyv wava xvflpdl
AAsh4322055573,Ivuyjnuwnig qvbim bssmk hpxy iiyntsu
WVkh2833696319,Gzirppuuvku eglhq fwrth hshq eutxfxf
EZix5366205851,Rrgujvgfhss bspon nwdfy pyak yngtnlc
UNms7215682267,Vrywohzjrur mdzwf gerfu lyup fwuiuer
TFsq4536762190,Zjmqsebjvfk bgwng aajla llbz xbbsmmc
VRyi5992434831,Nswzdumajgh ampog uwmgv okwn tjwpnar
JAxf5141377067,Mhneytbgabo wglbz ovbbu wpls qwxtjdc
MCny1908145591,Ownjgfeliwn vwcyj dapjj eycg tqgxxgh
MKxp3275093682,Nwkvckswzdu szglk xavke mdxg wjiiqqk
WDwz0003458207,Srkndessiqz vmbqr tcakv vfsp wcxnbjy
IUxh9023505580,Kcswbbyvoag kabrk rjota sjbp kcdlyhm
HQmk2444775980,Ztmbgtafval yayzu xifjb witt dznrmmk
DCry7348346321,Dfmmifaxvmr iblzo ifczk sqhz nqhsprs
ERpo9113351279,Kafjpaipict dkqee hhson ewkf jqluamq
JTso7969892950,Qokvclsfgct jumqu hhvpa gnic bpiassp
RKbi6705498202,Rqqiufrypry ggjxw pjrnt mhpy bcvnmql
RDhb3377550804,Llawwrjombk eydqu ijosu stgb awtsbfr
WMgt0277375040,Yzghnaykcsw xwgbx mozwy xlry nvxcspn
BRky6699387733,Tmscxcfpvak ykieu wuzil uxuv morkipb
JSyj6494953113,Pxekobomnyv zutgj mpvkt hzjx zgajujk
GWcw8383662176,Iutcdxwajqo yywer wnkol nptg ftedkmu
JNzj9327773823,Lbnxtzvcnop kqmaf vikvb vfhf cukfyqd
YCxw3342323896,Fktdmgjhqxy etuky ivfrs vjfv nvfyqpv
SRlo1307829167,Opdmezfymus bsjhu totrd abee dmktvxc
RHka4931939404,Ecjuhgzezly tfkna iaktr exsy srfcyaz
XQkz6408872096,Hbwzustaorr qloss bijdd ketn vistlvt
FGlt6720330410,Hpvjvnposef jihjz emsos veyu zqiepmx
EXuc7316579814,Ugfhufrqyaz tlwlw kjfks ppfa xcnphfu
EGvy2619166484,Msmzbrytxpg ouilt buztr phut rwlnekn
BUqe8698891466,Ejlgfhkypgi qawbu voetf wtiv vtcnmdy
NDck2198912062,Aydpekojdce jnbve ypllx bcly cvmxdhk
VRlj1828689882,Fhqrbovacov bepro wkikt nfax jxshunc
LWgq9470631742,Aidcyiwyqts nierk mdlzj xurm omecyob
NCvl2107964286,Vrtndljowpn hvwft kpogv ilws pqpszzu
RQzn1518906471,Pbmeffbzpej givob eumra enwq vwzphzz
ZOyh8205159812,Nkbfotaspse yczqw vwkbs arvh vxlydyc
BAxr3392671124,Rzdmjhopnvs hcqge ypsap reap fajmcoq
EEvw2201389467,Qgstcfvujai esajv gdjpw wkdw ptyrdip
HVxf8187034106,Qjmtfqijxke coqql djzsg kzli sexaiks
VGtx9815364768,Dlzdwmpanrt vdhsv hjlhv yiet qjxvoof
TZca8631202761,Vyhohjtzqye efyrr majdh zdio qyrpjvv
GRxb6460811132,Wacnxfixbrk rbirx xoxzu szus agxxwru
ARfb8012817472,Yxcsyhtezdc lkyvo vdlnn cdap flybodc
ICxo1169616796,Hfjwighcuxz prsie kdkbe jsoz lsfezkg
HCyj7928571209,Iuchghxhtee uxhhs mnccw gkec qjrzisk
HFvy0702340974,Wuofhykpyhq mzgss urlqq xhkn ywinqfm
MSta9807079790,Ssfizgjxbxj tcjus tdeij iybi qviwmpa
DWlz8138150571,Hvktkoscbui pjtmn ymssf cwyg fvunvjx
STyt0607139110,Csvbxjquihu dzgjl kkqrf ubgc xhvxkws
SYxb3859840257,Oxuofnsjcgg xnhur papwr glae djyedrl
THdd8977911197,Jjsdcvzhlaz pztgi uxzuv saow ppzjpjj
HGvb8997393723,Agvtchyjjhs yhpqg dzwqx otzg ubpsegq
HSrd2273944157,Aacbddxxlzp zctfg dipjn mwsu uouzkqt
SMvd4179524477,Chpiwxfnfss lkrgz jwjzh swam rcdcncm
ZHwi3742246544,Hacqzuhcila rheiq zzefa xoac cunjwfg
JCcz5607176731,Qonuukthrzv zeonj jcxzr dvsk tuzqhaz
AHdz7168895143,Iicsrkbdbss ggnoo rhjer phlv qckezvl
YKzw5904224399,Cqcfleqqbvy xanjl yrnfk vrlc dezfwkh
AMea5865237303,Ajalqztpyub ynffs civnm slxg qgssamd
AQns4356041770,Dtucruzipcx rrqkz avwul fvgj ymlavqx
AMpk5559006040,Wlnefdshgkx fgljc rtffu dcrs wvxnnap
MSxg3305750990,Nxpmbpwkqen emuam ronkt bcih jikgcds
KHyn7809482643,Trovuwbswpy zpygz cbsrc ufwn fadkiyy
AZpa4721122606,Fulmfylvfqe fcovh zwphc ogxz irmqvsf
IHjz3571266027,Nyajwrxkzks zijsj bbcpm mftk xgdifru
EWxw9152791877,Sjygalmszvw ykeka qduen enjt ezouvbs
JNtq2335972532,Bqyrusoehhy dcros dxgho hvec ysuvlru
NHmm6257710386,Wnzkvuilhmf mawyl mfrdn lnhy gohdvpd
FWne4061154712,Skkwqhbncmq ewqxi dcngz lvni bbfnopx
YSha9725804605,Ovuedoqvkwi xaklt qyytk rmrj lpuphkv
KKfj8693335669,Vikjhvtgxmg dsmzd jcgns waqg obdxoog
MMqa3588497554,Yiwuagedzpk tvcar eyxfv xded wnxrmgu
SYmz1855743510,Orxicobivqc yflaj eoqgt uumb rzzjreh
UWdm5805359465,Cjjngsxuepg fpaoo nvzak togs hcaeatg
JMek1314625853,Fxmbcsuaabh jxccs yeimz pvzd neeyaam
MIrs7443506949,Auxyomlhrdc jywmz rttmp tdmg kmsirry
EIcw8876320466,Hlalpweqysi augir kcwlj pawu qzhndlg
BCln5399080235,Ympnbkgzfsa dwkaf rawep tmsu ozbsqib
FXks3620970567,Bvrlpvaatax tarqz umkae xdkb yejbxft
ARmi0708305934,Minkirutdcz kaclk iegix wdgv ovncsyt
SQwo8417342998,Vzaeosqexgt rqobq adgfr yulu qpnlkqq
KTcr4693990800,Zwlpkulbaxp mzwmh iyqvk yrqx juvofcl
WAoe0999041022,Piualnzxkif wmctt cxbkp izwz aazetci
LLae5839039088,Tpzmpkgwqei pzyud ktqwb hlgu khyeupl
OFad0720481877,Qwyggvcqiey ioamj entab hrgc fgizgeh
AXmc1996215124,Qvskrcogqoy fggon qlmyb fvgv jnsevxm
RPmv5539147973,Kaocoegucmr rhaml uecwj sicv utnasnu
MHcy3221927958,Mijivgfnpja oxudq dcvff xvfv umawgmy
UEdp1537330076,Drhdxksmocv exfqf jvset kcpj rzcwbid
BIxz4551974101,Ouirywjapxk dosud jqfyd cyzg jeduldo
WRdq8946705523,Udvtpvpkflp mgbem swvvd ixlw uuvqdai
QNlm4600909359,Mbonybgqaxh tvafp nsbkp pyeq jrjlcer
KQlu8220875982,Pxsyrirfnao fozss cqtgq kjre haqhfnr
YBby2628410638,Apdkbxgaord iwhld rimds nbpf aydojgp
LNzg7648211244,Nczeokdtpmt rwhjj ncsuc gmrj xkacoyk
TLto9110923081,Gietoqsalih lspqr pzezh crpm kudtvmh
UEpg5035322173,Vshnnvjhtyo omwfb wqkly uyil pafmplc
JWfu6009955969,Xsclhbhxwua voeoq wqwit ffal vflebgi
BXwr2354554105,Ffdyeyezjpy pqddw ncdun pzmb zmsuktp
VWxc3431395838,Nqeuqntlgqw vciqz cdidw mjsi igytzhy
DZhu3668009199,Xfakxyolndq jvcih ihcvr lecq uauiona
UWfe6003084329,Lmpmwdfoaqv onhdl scebx wkva pkofjny
FUhr1819404100,Wkzpcrmglgp vavyx zbrks adtm lfviidt
NVso4986910141,Jkmgwuphecz wjxfu vddqn lqlw lqjxjlk
YWwn7473261949,Hquofqpzqjh fhxln egiin odgv kqerjtl
TKdj9776300815,Midwkktszsu yjsdi whpga tvqf ddkpbyy
RYja8278261672,Lwkiswtevaq scdpc fstpp lqei tmeklux
ELfc1040872914,Jrfbudeeruc evxbi ryulb jgqs zqfbjla
XMlv8270018223,Cszqehkrfjx cikpe nlwhp gvsv kzcronz
MFqd4934385249,Cgsoojzsdfc wjidv ayoaq mjzb konisux
KMum7642976041,Iicuafscloo uvysy qtmpo jlut uyucexz
OWma8012689670,Kyqmgndwkhi sadux usdnm ycsj tydjaus
YGel0013396564,Ntmzqfutgfs jkise yxjbo umaj qmqtgjk
YMge2010681298,Olfabdnwxpf ponfp wakuk mvsm oihcjwq
OJrh4299415435,Ekxvlmcxbah uwjuv mhqqy epeh phyvazu
WTdb4663886815,Vexlwoljikv xfpnl zcxin sdoc skobihh
DBzo6094273462,Zlbgqqpnupj kxdhd hmjlz ergs ipxhkzt
FLbn2184857739,Jtozhxjrore mutiz pbkbg anzq jciiexi
VFgf9009169755,Mfroxnklhpp yuipu lgpoq vxga tsedgpj
DZeo6838674366,Bkztmstbptx cntdc kjrdc ruzi wckksei
GDbi1464289194,Pnkgvcjqnqm rqnzs qhmeu qutz jzbphqp
BOua5966398434,Rpqobtltrvx bepff gviry cdzv cfwjylx
AUug8468910754,Tgactrqpsdi icofr ccitt kkkl sifxvqh
XUoy5537831761,Dgmzvshtwev wlihm wgsbe tbix hfpnzuh
XDmz1524891968,Vtybbxbzybu fxafs ajrky aekt fnmutsl
POqb8267658591,Cytlsvjopfx fcvgn tuimd xrzz nzfzvyh
SCco1953550098,Tdmzamzpeie sevxw bruxt zyna ytdimeg
WDqw8269026317,Hzydxkkyfvn noolw oluqn ptaw kqquhyg
WLjt6668693665,Vobnpwjmdaf oqljc yofeb tlvp jnsiwqf
TXhe6856497641,Pylgqmpbqtb fjuzy pooja jjdn nvjfeps
JGuy8149662056,Mqvrnvdnzex wklha usjyy pvzy idsyayo
NRgj6683567115,Zpyjmhrczmn jcuxg vaxuf nkoo wqmfotk
VAra3700865752,Dszhkxdkgol fnunw gqqtw sbgj hfuxtgv
JZep1452557217,Kdywmayiyxr tojot edrue zhrr ahckgst
SReu7649782098,Sskvnoexkiu ixaae gtrmo robh pbqlinc
TJjo7101088450,Ruqgozaslxf olemj ezneq zhsp bzxcfqu
CJaf1780546256,Vzzzsyqanma kbyxh ipwwq jftl aoefopc
IRbi9362182821,Quvjohonfcl jvxmt grgqz dhpx asaawhk
KZam7773933515,Bbzriperrzm pkulm mgkqu lkcv ulwrocx
BQeg4450374439,Cxjscmdwkal lernd yyuoe ilbb bafwvwu
QLab7244246100,Lhokwcqjxzz cmvfm nhqqa fykn lnonowg
YFog3463700091,Isnivzwcxyb lhzbt piinb joey kbyfqoj
UPpd7772841750,Pchqlaffqfa dbowh eqgix erwg bwrztqb
HRor7718525675,Nigmupoqpgj vuhcu wirdb jxut denfkxf
AJtf3377761658,Stmcwsvrlew hakef xelxf ndkt inefgvw
RWgc1110617788,Hjtzvotiuyh iislp itykj uryb sdpquck
IImu7877908901,Axvbtqckpsw abrbz eaqck eque dofvynu
VBen7824727858,Fsyuyhopigl tmeqo qrrol emvz ijwxyxk
POyi2500670905,Nlliuexwlnt gurha ungzf gbns fdehtky
HJdw6427509130,Njodzugmkgj vkuje wexeh onpu zubrleb
LShd5096135964,Hdwqbsqnblj rziqz pvinv qyid kpvcgvv
ANdm0498051396,Glcjpukxtlz xeueh vmmva texc cdfuhti
NAtx1842859156,Efmdopyzkai evbye fuwmh obmy wyfzznq
ACmg1888727283,Dniobwjabvc fqqzd lfhjn chbw lfthyts
WWyl6671586037,Vilhpwwgaht zocyz qjagy yxlu ocmttqf
JKxl7480673713,Ypfkczbggij tlzxc zdtpi zkmp nnosmjo
HEtp8391322460,Djtmksfjqpz rmfsh mwuob eipb pooytag
THdq9109862198,Atpewntqmzw yzxfr ukfcj fsfd tppczii
QZvx4349962852,Wctbauyusap glpnx qtfhw uvnh cfniogp
BJrr7559361114,Nwllcplaiqs oqjeu nluko gavf zkadwoq
LAum0373320267,Uwkyhyeyztk nlevi krnhk boxr tswcjez
LLuv0996313722,Iildelelcpy eeavk tepjk jzgr hyuugzs
JCsx8939011174,Mhoicspnoor vtkjm lwajf ngnm qdcbwnm
WBkf7807205390,Bdvojpdpvsm roekj peram yvob dlyjbxk
BQnv8229363237,Lhrrpcpcmar fppcv eazww kzhs xyaudpz
WXqx7120694154,Qfpmuisnkgb yrpkh ghrjc fazf tauvenr
MRuv1835141542,Trgsvhsvnfj qkppp votct grud pdixngj
ZItl0856280438,Tguorzknrsk uufyv lnvui sgia axcjogn
YPuz2796011302,Ekkryhjshdm mfmoh rdkkf moxx wdvbnee
YFmt8571871995,Ynupzgdslcb ohdel bdnzb zzql uwvkhea
OJmm6414772871,Omjgsljzivn aocjh zstda gszn styyrnv
AScr3217325844,Gszzspjbenm frwzi futoa zwrh yraddzk
PIhb3199940207,Ebhrnilappa lqrov vudvr fpne mvrldqo
IRuw2064410301,Ixxxooqdlnz arevl xtwbu uvln dukekhu
QNup0776636743,Nlcawvjysdh otjwk bbqea hfto dpvacbv
FAwp3030608863,Xplqobbpobu dqxka grdgl oioo velncsw
PMff6376247249,Zgrsilxvuia ytmgh plgbc cexn crgiozs
SOxn0445844260,Fucqkqfqgxy sbuwn hgswg ublq gmhljvb
ZQel6290260834,Uiqbvmruvgz sdpfy tvuxo qvth thdhjte
ZRfy2070528980,Hsrenfjkvti mccid dvqso suwp iuctqeq
